customer_id,name,email,signup_date,region
1,David David,david.david@gmail.com,2025-02-24,LATAM
2,Alice Charlie,alice.charlie@company.org,2025-09-30,APAC
3,Bob Grace,bob.grace@outlook.com,2025-03-18,EU
4,Jack Frank,jack.frank@gmail.com,2025-11-17,NA
5,David Ivan,david.ivan@gmail.com,2025-05-07,NA
6,Grace Grace,invalid-email,2025-04-18,EU
7,Jack Alice,jack.alice@gmail.com,2025-11-07,LATAM
8,Hannah Eva,hannah.eva@yahoo.com,2025-12-04,NA
9,Frank Frank,frank.frank@yahoo.com,2025-10-16,NA
10,Bob Grace,bob.grace@outlook.com,2025-08-05,LATAM
11,David Frank,david.frank@outlook.com,2025-12-16,EU
12,Eva Bob,eva.bob@gmail.com,2025-05-12,EU
13,Jack Ivan,jack.ivan@outlook.com,2025-07-19,EU
14,David Bob,david.bob@yahoo.com,2025-03-10,NA
15,Frank Alice,invalid-email,2025-03-01,APAC
16,Grace Bob,grace.bob@yahoo.com,2025-06-28,EU
17,Eva Grace,eva.grace@company.org,2025-09-03,NA
18,Ivan Jack,ivan.jack@company.org,2025-10-29,EU
19,David David,david.david@outlook.com,2025-01-14,LATAM
20,David Eva,david.eva@gmail.com,2025-02-20,NA
21,Charlie Jack,charlie.jack@outlook.com,2025-06-07,LATAM
22,Grace Eva,grace.eva@outlook.com,2025-06-09,EU
23,Ivan Jack,ivan.jack@company.org,2025-11-26,APAC
24,Alice Hannah,alice.hannah@company.org,2025-01-19,LATAM
25,Bob Eva,bob.eva@gmail.com,2025-02-03,EU
26,Ivan Frank,ivan.frank@outlook.com,2025-09-09,LATAM
27,Eva Frank,eva.frank@yahoo.com,2025-01-23,APAC
28,Charlie Grace,charlie.grace@company.org,2024-12-27,APAC
29,Alice David,alice.david@yahoo.com,2025-04-24,APAC
30,Frank David,frank.david@gmail.com,2025-02-21,EU
31,Charlie Ivan,charlie.ivan@outlook.com,2025-02-03,APAC
32,Eva Alice,eva.alice@outlook.com,2025-09-24,NA
33,David Frank,david.frank@yahoo.com,2025-11-23,EU
34,Eva Charlie,eva.charlie@company.org,2025-05-28,EU
35,Grace Alice,grace.alice@outlook.com,2025-03-19,LATAM
36,Ivan Eva,ivan.eva@company.org,2025-05-10,NA
37,Alice Charlie,alice.charlie@gmail.com,2025-07-11,EU
38,Ivan Bob,ivan.bob@yahoo.com,2025-03-05,NA
39,Bob Hannah,bob.hannah@company.org,2025-08-28,APAC
40,Eva David,eva.david@company.org,2025-10-26,NA
41,Hannah Grace,hannah.grace@outlook.com,2025-03-01,EU
42,Bob Grace,bob.grace@company.org,2025-08-29,EU
43,Bob Ivan,bob.ivan@outlook.com,2025-03-03,LATAM
44,Jack Alice,jack.alice@outlook.com,2025-05-22,NA
45,Charlie David,charlie.david@outlook.com,2025-06-12,EU
46,Charlie Ivan,charlie.ivan@gmail.com,2025-06-07,NA
47,Alice Hannah,alice.hannah@gmail.com,2025-04-18,APAC
48,David Ivan,david.ivan@yahoo.com,2025-09-26,APAC
49,Bob Jack,bob.jack@company.org,2025-07-30,APAC
50,Grace Frank,grace.frank@outlook.com,2025-03-18,LATAM
51,Bob Alice,bob.alice@company.org,2025-04-17,NA
52,Ivan Grace,ivan.grace@company.org,2025-01-31,EU
53,Hannah Alice,hannah.alice@yahoo.com,2025-06-01,APAC
54,Hannah Eva,hannah.eva@outlook.com,2025-07-21,LATAM
55,Bob Frank,bob.frank@yahoo.com,2025-04-28,APAC
56,Ivan Eva,ivan.eva@yahoo.com,2025-02-22,EU
57,Eva Frank,eva.frank@yahoo.com,2025-04-21,NA
58,Jack Hannah,jack.hannah@gmail.com,2025-03-02,NA
59,Jack Hannah,jack.hannah@yahoo.com,2025-10-01,APAC
60,Hannah Alice,hannah.alice@company.org,2025-09-16,APAC
61,Frank Charlie,frank.charlie@outlook.com,2025-05-09,NA
62,Bob Alice,bob.alice@company.org,2025-01-15,NA
63,Alice Grace,alice.grace@gmail.com,2025-09-25,NA
64,David Hannah,david.hannah@outlook.com,2025-07-05,EU
65,Grace Bob,grace.bob@gmail.com,2025-01-02,APAC
66,Hannah Bob,hannah.bob@outlook.com,2025-01-27,APAC
67,Eva Frank,eva.frank@gmail.com,2025-11-30,LATAM
68,David Ivan,david.ivan@gmail.com,2025-11-20,LATAM
69,David Ivan,david.ivan@outlook.com,2025-06-11,LATAM
70,Grace Eva,grace.eva@gmail.com,2025-07-20,APAC
71,David Ivan,david.ivan@yahoo.com,2025-04-07,LATAM
72,David Bob,david.bob@outlook.com,2025-01-23,LATAM
73,Charlie Bob,charlie.bob@company.org,2025-04-03,LATAM
74,David Bob,david.bob@gmail.com,2025-04-07,LATAM
75,Bob Charlie,bob.charlie@yahoo.com,2025-09-20,APAC
76,Eva Frank,eva.frank@company.org,2025-02-13,NA
77,Frank Grace,frank.grace@yahoo.com,2025-08-31,APAC
78,Jack Grace,jack.grace@yahoo.com,2025-10-14,NA
79,Frank Ivan,frank.ivan@yahoo.com,2025-12-05,LATAM
80,Bob Charlie,bob.charlie@company.org,2025-04-13,APAC
81,Ivan Grace,ivan.grace@yahoo.com,2025-11-03,APAC
82,Jack Bob,jack.bob@yahoo.com,2025-05-04,LATAM
83,Alice Hannah,alice.hannah@gmail.com,2025-03-24,EU
84,David Alice,david.alice@yahoo.com,2025-09-07,EU
85,Alice Ivan,alice.ivan@company.org,2025-11-19,EU
86,Hannah Eva,hannah.eva@gmail.com,2024-12-29,LATAM
87,Eva Jack,eva.jack@company.org,2025-08-11,NA
88,Grace Bob,grace.bob@outlook.com,2025-11-11,LATAM
89,David Jack,david.jack@outlook.com,2025-11-21,NA
90,Frank Alice,frank.alice@yahoo.com,2024-12-27,LATAM
91,David David,david.david@yahoo.com,2025-03-07,APAC
92,Bob Alice,bob.alice@yahoo.com,2025-03-01,NA
93,Jack Eva,jack.eva@yahoo.com,2025-04-13,LATAM
94,Bob Bob,bob.bob@yahoo.com,2025-06-11,APAC
95,Alice David,alice.david@outlook.com,2025-11-22,EU
96,Hannah Charlie,hannah.charlie@company.org,2025-06-09,EU
97,Eva Bob,eva.bob@outlook.com,2025-05-11,NA
98,Alice Eva,alice.eva@gmail.com,2025-03-10,NA
99,Frank Hannah,frank.hannah@gmail.com,2025-06-25,APAC
100,Charlie Charlie,charlie.charlie@gmail.com,2025-05-05,LATAM
101,Alice Jack,alice.jack@outlook.com,2025-04-30,EU
102,Grace Grace,grace.grace@outlook.com,2025-08-27,NA
103,Frank Charlie,frank.charlie@company.org,2025-11-13,APAC
104,Jack David,jack.david@outlook.com,2025-02-09,APAC
105,Frank Ivan,frank.ivan@yahoo.com,2025-03-26,EU
106,Bob David,bob.david@outlook.com,2025-10-07,LATAM
107,Eva Frank,eva.frank@outlook.com,2025-10-12,EU
108,Jack Eva,jack.eva@yahoo.com,2025-09-02,LATAM
109,David Hannah,david.hannah@outlook.com,2025-02-19,NA
110,Frank Ivan,frank.ivan@yahoo.com,2025-01-07,APAC
111,Charlie Jack,charlie.jack@company.org,2025-09-01,LATAM
112,Alice Grace,alice.grace@gmail.com,2025-10-14,EU
113,Ivan Bob,ivan.bob@yahoo.com,2025-02-15,LATAM
114,Hannah Frank,hannah.frank@company.org,2025-05-02,NA
115,Ivan Frank,ivan.frank@gmail.com,2025-09-08,LATAM
116,Alice Grace,alice.grace@outlook.com,2025-10-07,APAC
117,Bob Frank,bob.frank@company.org,2025-07-19,NA
118,Alice Ivan,alice.ivan@yahoo.com,2024-12-28,NA
119,Grace Jack,grace.jack@gmail.com,2025-02-04,APAC
120,Eva Alice,eva.alice@company.org,2025-11-21,APAC
121,Grace David,grace.david@gmail.com,2025-05-21,EU
122,Ivan David,ivan.david@outlook.com,2025-12-13,EU
123,Grace Frank,grace.frank@outlook.com,2025-06-24,LATAM
124,Ivan Alice,ivan.alice@yahoo.com,2025-08-19,APAC
125,David Eva,david.eva@yahoo.com,2025-08-05,APAC
126,Ivan David,ivan.david@company.org,2025-01-09,NA
127,Eva Alice,eva.alice@gmail.com,2025-01-24,LATAM
128,David Eva,david.eva@gmail.com,2025-02-22,NA
129,Eva Jack,eva.jack@company.org,2024-12-23,APAC
130,Grace Bob,grace.bob@gmail.com,2025-10-08,APAC
131,Ivan David,ivan.david@outlook.com,2025-09-01,APAC
132,Jack David,jack.david@outlook.com,2025-03-02,NA
133,Alice David,alice.david@gmail.com,2025-07-06,APAC
134,David Ivan,david.ivan@yahoo.com,2025-03-15,APAC
135,Eva Frank,eva.frank@company.org,2025-08-06,LATAM
136,Eva Ivan,eva.ivan@outlook.com,2025-01-03,LATAM
137,Alice Ivan,alice.ivan@company.org,2025-09-22,LATAM
138,Hannah Jack,hannah.jack@gmail.com,2025-08-13,APAC
139,Alice Hannah,alice.hannah@company.org,2025-07-02,APAC
140,Eva David,eva.david@yahoo.com,2025-05-13,APAC
141,David Eva,david.eva@company.org,2025-12-08,EU
142,Alice Alice,alice.alice@gmail.com,2025-11-30,APAC
143,Jack Hannah,jack.hannah@outlook.com,2025-03-21,NA
144,Bob Jack,bob.jack@gmail.com,2024-12-26,EU
145,Hannah David,hannah.david@yahoo.com,2025-03-14,LATAM
146,Hannah Alice,hannah.alice@outlook.com,2025-09-07,APAC
147,Hannah Frank,hannah.frank@outlook.com,2025-04-20,EU
148,Hannah Frank,hannah.frank@yahoo.com,2025-06-19,LATAM
149,Hannah Eva,hannah.eva@gmail.com,2025-05-11,NA
150,Grace Hannah,grace.hannah@company.org,2025-06-27,NA
151,Charlie David,charlie.david@outlook.com,2025-02-25,EU
152,Grace Charlie,grace.charlie@outlook.com,2025-11-26,NA
153,Charlie Alice,charlie.alice@gmail.com,2025-11-04,APAC
154,Charlie Jack,charlie.jack@gmail.com,2025-05-18,NA
155,Ivan David,ivan.david@company.org,2025-07-27,EU
156,Alice Hannah,alice.hannah@company.org,2025-09-13,NA
157,Bob Jack,bob.jack@outlook.com,2025-09-17,EU
158,Hannah Alice,hannah.alice@yahoo.com,2025-11-15,LATAM
159,Frank Jack,frank.jack@company.org,2025-03-20,APAC
160,Alice Ivan,alice.ivan@company.org,2025-04-09,APAC
161,Ivan Jack,ivan.jack@gmail.com,2025-01-19,APAC
162,Alice Eva,alice.eva@outlook.com,2025-05-31,EU
163,Jack Hannah,jack.hannah@company.org,2025-08-16,EU
164,Grace Ivan,grace.ivan@yahoo.com,2025-06-12,APAC
165,Alice Hannah,alice.hannah@gmail.com,2024-12-27,APAC
166,Eva Frank,eva.frank@outlook.com,2025-06-16,EU
167,Jack Bob,jack.bob@gmail.com,2025-09-23,EU
168,Frank David,frank.david@gmail.com,2025-10-20,APAC
169,Grace Jack,grace.jack@yahoo.com,2025-01-05,LATAM
170,Charlie Bob,charlie.bob@company.org,2025-03-24,APAC
171,Alice Alice,alice.alice@gmail.com,2025-07-06,APAC
172,Charlie Frank,charlie.frank@gmail.com,2025-12-06,LATAM
173,Frank Alice,frank.alice@yahoo.com,2025-02-18,EU
174,Frank Alice,frank.alice@company.org,2025-03-31,APAC
175,Hannah Charlie,hannah.charlie@company.org,2025-06-27,EU
176,Jack Grace,jack.grace@outlook.com,2025-05-21,NA
177,Alice Eva,alice.eva@company.org,2025-03-17,NA
178,Eva Eva,eva.eva@yahoo.com,2025-03-24,LATAM
179,Eva Charlie,eva.charlie@yahoo.com,2025-07-29,APAC
180,Grace Eva,grace.eva@yahoo.com,2025-11-11,EU
181,Frank Grace,frank.grace@yahoo.com,2025-03-08,EU
182,Grace Alice,grace.alice@yahoo.com,2025-05-11,NA
183,David Jack,david.jack@outlook.com,2025-08-04,APAC
184,Alice Grace,alice.grace@outlook.com,2024-12-25,NA
185,Frank Grace,frank.grace@outlook.com,2025-01-01,APAC
186,David Bob,david.bob@outlook.com,2025-04-05,LATAM
187,Charlie Alice,charlie.alice@company.org,2025-07-07,APAC
188,Grace Jack,grace.jack@yahoo.com,2025-01-15,EU
189,Grace David,grace.david@yahoo.com,2024-12-22,EU
190,David Hannah,david.hannah@company.org,2025-11-03,NA
191,Bob Hannah,bob.hannah@company.org,2025-10-19,APAC
192,Grace Jack,grace.jack@company.org,2025-06-15,NA
193,Ivan David,ivan.david@outlook.com,2025-01-13,APAC
194,Alice Jack,alice.jack@yahoo.com,2025-05-24,APAC
195,Eva Alice,eva.alice@company.org,2024-12-30,EU
196,Frank Grace,frank.grace@yahoo.com,2025-11-04,LATAM
197,Charlie Alice,charlie.alice@yahoo.com,2025-01-17,LATAM
198,Frank Eva,frank.eva@outlook.com,2025-08-05,LATAM
199,Frank Alice,frank.alice@outlook.com,2025-08-25,LATAM
200,Bob David,bob.david@company.org,2025-12-09,NA
201,Alice Jack,alice.jack@gmail.com,2025-07-12,LATAM
202,David Grace,david.grace@gmail.com,2025-09-15,APAC
203,Frank Alice,frank.alice@company.org,2025-06-13,EU
204,Charlie Hannah,charlie.hannah@gmail.com,2025-04-25,EU
205,Charlie David,charlie.david@company.org,2025-07-09,APAC
206,Ivan Alice,ivan.alice@company.org,2025-04-07,LATAM
207,Alice Grace,alice.grace@yahoo.com,2025-05-25,APAC
208,Bob Bob,bob.bob@company.org,2025-03-03,NA
209,Frank David,frank.david@outlook.com,2025-02-15,LATAM
210,Charlie Hannah,charlie.hannah@outlook.com,2025-07-21,APAC
211,Ivan Eva,ivan.eva@company.org,2025-07-29,APAC
212,Bob Charlie,bob.charlie@company.org,2025-08-31,NA
213,Charlie Alice,charlie.alice@company.org,2025-06-11,NA
214,Grace Jack,grace.jack@outlook.com,2025-06-21,APAC
215,Ivan Hannah,ivan.hannah@outlook.com,2025-08-27,LATAM
216,David Hannah,david.hannah@yahoo.com,2025-11-01,NA
217,Bob Jack,bob.jack@outlook.com,2025-05-03,LATAM
218,Frank Bob,frank.bob@company.org,2025-10-25,APAC
219,Eva David,eva.david@outlook.com,2025-01-23,APAC
220,Jack Charlie,jack.charlie@outlook.com,2025-11-09,LATAM
221,Eva Frank,eva.frank@company.org,2025-07-03,LATAM
222,Bob Jack,invalid-email,2025-01-27,APAC
223,Ivan Jack,ivan.jack@outlook.com,2025-12-17,LATAM
224,Charlie Alice,charlie.alice@outlook.com,2025-07-04,EU
225,David David,david.david@company.org,2025-11-02,EU
226,David Grace,david.grace@outlook.com,2025-04-24,LATAM
227,Frank Hannah,frank.hannah@gmail.com,2025-05-22,EU
228,Grace Bob,grace.bob@gmail.com,2025-04-30,EU
229,Ivan Frank,ivan.frank@outlook.com,2025-04-12,NA
230,Charlie Hannah,charlie.hannah@company.org,2025-07-10,NA
231,Eva Eva,eva.eva@outlook.com,2025-06-28,APAC
232,Ivan David,ivan.david@yahoo.com,2025-11-13,EU
233,Hannah David,hannah.david@gmail.com,2025-11-04,APAC
234,Bob Charlie,bob.charlie@outlook.com,2025-10-23,NA
235,Bob Eva,bob.eva@company.org,2025-02-06,EU
236,Alice Grace,alice.grace@company.org,2025-11-19,APAC
237,David Charlie,david.charlie@yahoo.com,2025-10-13,NA
238,Eva Jack,eva.jack@gmail.com,2025-05-22,NA
239,Jack Eva,jack.eva@gmail.com,2025-02-19,LATAM
240,Bob Hannah,bob.hannah@outlook.com,2025-08-15,EU
241,Hannah David,hannah.david@gmail.com,2025-07-10,APAC
242,Charlie Jack,charlie.jack@gmail.com,2025-03-21,EU
243,Grace Jack,grace.jack@outlook.com,2025-08-14,EU
244,Grace Ivan,grace.ivan@company.org,2025-03-29,LATAM
245,David Ivan,david.ivan@gmail.com,2025-12-11,APAC
246,Ivan Ivan,ivan.ivan@gmail.com,2025-09-23,EU
247,Charlie Frank,charlie.frank@company.org,2025-11-14,APAC
248,Hannah Frank,hannah.frank@yahoo.com,2025-02-23,APAC
249,Eva David,eva.david@company.org,2025-09-12,APAC
250,Frank Alice,frank.alice@gmail.com,2025-02-17,APAC
251,Hannah Charlie,hannah.charlie@company.org,2025-04-09,APAC
252,David Bob,david.bob@outlook.com,2025-04-20,EU
253,Ivan Grace,ivan.grace@gmail.com,2025-11-15,EU
254,Alice Jack,invalid-email,2025-11-28,LATAM
255,Charlie Alice,charlie.alice@gmail.com,2025-02-11,NA
256,Eva Frank,eva.frank@gmail.com,2025-09-17,NA
257,Alice Grace,alice.grace@yahoo.com,2025-06-15,NA
258,Charlie Bob,charlie.bob@gmail.com,2025-12-18,NA
259,Alice Ivan,alice.ivan@outlook.com,2025-11-22,NA
260,Charlie Eva,charlie.eva@outlook.com,2025-11-06,EU
261,Frank Alice,frank.alice@outlook.com,2025-07-28,EU
262,Hannah David,hannah.david@company.org,2025-07-14,NA
263,Jack Charlie,jack.charlie@outlook.com,2025-03-27,EU
264,Hannah Alice,hannah.alice@gmail.com,2025-11-10,NA
265,Charlie Eva,charlie.eva@outlook.com,2025-01-18,LATAM
266,Ivan Charlie,ivan.charlie@outlook.com,2025-02-21,LATAM
267,David David,david.david@company.org,2025-12-07,LATAM
268,Hannah Alice,hannah.alice@outlook.com,2025-05-27,NA
269,Frank Eva,frank.eva@company.org,2025-06-07,NA
270,Charlie Frank,charlie.frank@company.org,2025-11-24,LATAM
271,Frank David,frank.david@yahoo.com,2025-07-12,LATAM
272,Jack Charlie,jack.charlie@yahoo.com,2025-01-26,EU
273,Frank Ivan,frank.ivan@company.org,2025-05-11,NA
274,Eva Grace,eva.grace@company.org,2025-02-07,EU
275,David Hannah,david.hannah@outlook.com,2025-11-25,EU
276,Charlie Hannah,charlie.hannah@company.org,2025-05-02,APAC
277,Frank Bob,frank.bob@outlook.com,2025-08-10,NA
278,Charlie Jack,charlie.jack@company.org,2025-05-05,EU
279,Frank Frank,frank.frank@outlook.com,2025-09-22,LATAM
280,Frank David,frank.david@gmail.com,2025-04-25,APAC
281,Ivan David,ivan.david@yahoo.com,2025-03-25,LATAM
282,Alice Bob,alice.bob@company.org,2025-05-12,APAC
283,Bob Charlie,bob.charlie@yahoo.com,2025-11-15,EU
284,Eva Bob,eva.bob@yahoo.com,2025-06-29,APAC
285,Grace David,grace.david@outlook.com,2025-10-08,EU
286,Hannah Ivan,hannah.ivan@gmail.com,2025-01-13,NA
287,Grace Eva,grace.eva@outlook.com,2025-11-11,EU
288,Charlie Jack,charlie.jack@yahoo.com,2025-10-26,NA
289,Eva David,eva.david@gmail.com,2025-06-03,NA
290,Frank Ivan,frank.ivan@company.org,2025-06-02,EU
291,Jack Jack,jack.jack@gmail.com,2025-06-25,EU
292,Bob Eva,bob.eva@gmail.com,2025-02-17,EU
293,David Frank,david.frank@company.org,2025-06-11,NA
294,Alice Alice,alice.alice@gmail.com,2025-04-20,EU
295,Charlie Eva,charlie.eva@yahoo.com,2025-11-25,EU
296,Alice Eva,alice.eva@yahoo.com,2025-05-21,APAC
297,Alice Charlie,alice.charlie@company.org,2025-03-22,APAC
298,David Alice,david.alice@outlook.com,2025-04-04,APAC
299,Frank Hannah,invalid-email,2025-03-16,EU
300,David Hannah,david.hannah@outlook.com,2025-11-06,EU
301,Jack Jack,jack.jack@outlook.com,2025-03-29,NA
302,Hannah Alice,hannah.alice@gmail.com,2025-10-28,APAC
303,Frank David,frank.david@gmail.com,2025-08-30,NA
304,Charlie Charlie,charlie.charlie@company.org,2025-10-30,LATAM
305,Alice Jack,alice.jack@gmail.com,2025-06-24,APAC
306,Bob Charlie,bob.charlie@outlook.com,2025-07-29,NA
307,Charlie Charlie,charlie.charlie@company.org,2025-02-25,LATAM
308,David Jack,david.jack@outlook.com,2025-05-27,EU
309,Charlie Hannah,charlie.hannah@gmail.com,2025-07-09,NA
310,Hannah Eva,hannah.eva@outlook.com,2025-03-16,NA
311,Ivan Alice,ivan.alice@company.org,2025-02-26,EU
312,Hannah Charlie,hannah.charlie@company.org,2025-12-05,NA
313,Grace Charlie,grace.charlie@yahoo.com,2025-06-19,APAC
314,Ivan David,ivan.david@yahoo.com,2025-04-20,EU
315,Bob Grace,bob.grace@outlook.com,2025-12-14,EU
316,Alice David,alice.david@company.org,2025-11-16,NA
317,Ivan Charlie,ivan.charlie@outlook.com,2025-02-02,EU
318,Alice Charlie,alice.charlie@gmail.com,2025-02-21,EU
319,Frank David,frank.david@gmail.com,2025-05-12,APAC
320,Ivan Bob,ivan.bob@gmail.com,2025-04-16,APAC
321,Alice Charlie,alice.charlie@gmail.com,2025-07-24,NA
322,David Frank,david.frank@outlook.com,2025-01-03,LATAM
323,David Charlie,david.charlie@outlook.com,2025-10-17,APAC
324,David Eva,david.eva@gmail.com,2025-11-27,EU
325,Charlie Frank,charlie.frank@yahoo.com,2025-05-13,APAC
326,David Eva,david.eva@gmail.com,2025-04-11,APAC
327,Grace Grace,grace.grace@company.org,2025-10-02,LATAM
328,Alice Bob,alice.bob@yahoo.com,2025-07-08,NA
329,Bob Ivan,bob.ivan@company.org,2025-01-27,EU
330,Grace Bob,grace.bob@outlook.com,2025-06-16,APAC
331,Eva Grace,eva.grace@company.org,2025-05-05,NA
332,Frank Jack,frank.jack@company.org,2025-05-05,NA
333,Frank Eva,frank.eva@yahoo.com,2025-09-12,LATAM
334,Bob Alice,bob.alice@yahoo.com,2024-12-24,NA
335,Grace Eva,grace.eva@outlook.com,2025-03-01,NA
336,Grace Ivan,grace.ivan@company.org,2025-03-13,APAC
337,Frank Ivan,frank.ivan@outlook.com,2025-05-20,EU
338,Frank Alice,frank.alice@company.org,2025-11-04,LATAM
339,David Ivan,david.ivan@outlook.com,2025-07-18,APAC
340,Jack Hannah,jack.hannah@gmail.com,2025-05-05,EU
341,Hannah Frank,hannah.frank@gmail.com,2025-04-19,NA
342,Jack Grace,jack.grace@outlook.com,2025-06-20,NA
343,Grace Eva,grace.eva@company.org,2025-06-25,EU
344,Hannah Hannah,hannah.hannah@company.org,2025-10-05,EU
345,Ivan Jack,ivan.jack@outlook.com,2025-08-02,NA
346,Hannah Frank,hannah.frank@gmail.com,2025-05-11,APAC
347,Frank David,frank.david@gmail.com,2025-10-04,NA
348,Eva Charlie,eva.charlie@yahoo.com,2025-12-12,EU
349,Bob Hannah,bob.hannah@gmail.com,2025-10-11,APAC
350,Alice Alice,alice.alice@yahoo.com,2025-01-26,NA
351,Eva Charlie,eva.charlie@outlook.com,2025-09-12,NA
352,Bob Bob,bob.bob@outlook.com,2024-12-28,LATAM
353,Grace Grace,grace.grace@company.org,2025-09-19,NA
354,Frank Bob,frank.bob@yahoo.com,2025-03-20,NA
355,Ivan Bob,ivan.bob@outlook.com,2025-01-18,NA
356,Frank Bob,frank.bob@company.org,2025-06-30,APAC
357,David Bob,david.bob@gmail.com,2025-07-17,LATAM
358,Ivan Eva,ivan.eva@yahoo.com,2024-12-29,APAC
359,Hannah Ivan,hannah.ivan@outlook.com,2025-07-27,APAC
360,Bob David,bob.david@yahoo.com,2025-03-20,NA
361,Alice Hannah,alice.hannah@yahoo.com,2025-05-12,APAC
362,Grace Charlie,grace.charlie@yahoo.com,2025-07-09,APAC
363,Alice David,alice.david@company.org,2025-03-09,LATAM
364,Ivan Ivan,ivan.ivan@yahoo.com,2025-02-24,APAC
365,Jack Grace,jack.grace@outlook.com,2025-04-24,NA
366,Alice Grace,alice.grace@outlook.com,2025-06-07,NA
367,Grace Hannah,grace.hannah@gmail.com,2025-12-01,NA
368,Frank Charlie,frank.charlie@company.org,2025-11-06,EU
369,Bob Charlie,bob.charlie@gmail.com,2025-09-04,NA
370,David Ivan,david.ivan@outlook.com,2025-06-21,LATAM
371,Hannah Charlie,hannah.charlie@yahoo.com,2025-05-13,EU
372,Charlie Jack,charlie.jack@outlook.com,2025-04-20,LATAM
373,Alice Eva,alice.eva@outlook.com,2025-02-09,APAC
374,Charlie Grace,charlie.grace@yahoo.com,2025-12-18,APAC
375,David David,david.david@company.org,2025-03-29,LATAM
376,Jack Jack,jack.jack@company.org,2025-09-14,LATAM
377,Grace Jack,grace.jack@outlook.com,2025-06-09,LATAM
378,Jack David,jack.david@yahoo.com,2025-05-22,EU
379,Frank Grace,frank.grace@outlook.com,2025-04-19,LATAM
380,Ivan Bob,ivan.bob@outlook.com,2025-07-21,LATAM
381,Ivan Jack,ivan.jack@outlook.com,2025-02-26,EU
382,Charlie Jack,charlie.jack@gmail.com,2025-11-09,NA
383,Ivan Frank,ivan.frank@company.org,2025-03-13,NA
384,Ivan Jack,ivan.jack@outlook.com,2025-10-27,NA
385,Frank Grace,frank.grace@company.org,2025-12-18,LATAM
386,David Hannah,david.hannah@yahoo.com,2025-08-21,APAC
387,Eva Hannah,eva.hannah@outlook.com,2025-10-18,NA
388,David Grace,david.grace@gmail.com,2025-02-04,APAC
389,David Bob,david.bob@yahoo.com,2025-05-11,LATAM
390,Ivan David,ivan.david@outlook.com,2025-08-11,LATAM
391,Grace Frank,grace.frank@outlook.com,2025-12-10,EU
392,Charlie Alice,charlie.alice@outlook.com,2025-05-27,EU
393,Frank Grace,frank.grace@outlook.com,2025-11-09,NA
394,Hannah Eva,hannah.eva@outlook.com,2025-05-09,EU
395,Ivan Grace,ivan.grace@yahoo.com,2025-05-25,APAC
396,Alice Ivan,alice.ivan@gmail.com,2025-01-08,NA
397,Charlie Grace,charlie.grace@gmail.com,2025-09-08,EU
398,Hannah Jack,hannah.jack@gmail.com,2025-11-25,APAC
399,Eva Jack,eva.jack@gmail.com,2025-11-21,LATAM
400,Eva David,eva.david@company.org,2025-08-04,NA
401,Alice David,alice.david@company.org,2025-04-27,LATAM
402,Alice Ivan,alice.ivan@yahoo.com,2025-08-26,APAC
403,David Grace,david.grace@company.org,2025-02-04,NA
404,Jack Charlie,jack.charlie@gmail.com,2025-05-20,NA
405,Charlie David,charlie.david@outlook.com,2025-06-30,EU
406,Ivan David,ivan.david@gmail.com,2025-10-16,APAC
407,Grace Jack,grace.jack@gmail.com,2025-04-17,LATAM
408,Grace Bob,grace.bob@yahoo.com,2025-07-30,LATAM
409,Jack Ivan,jack.ivan@company.org,2025-10-16,LATAM
410,Hannah David,hannah.david@company.org,2025-11-13,EU
411,Frank Alice,frank.alice@yahoo.com,2025-02-04,NA
412,Frank Eva,frank.eva@yahoo.com,2025-06-06,EU
413,Alice Eva,alice.eva@outlook.com,2025-12-11,EU
414,Ivan Hannah,ivan.hannah@yahoo.com,2025-09-11,EU
415,Charlie Bob,charlie.bob@company.org,2025-07-01,LATAM
416,Jack Bob,jack.bob@company.org,2025-05-02,LATAM
417,Jack Bob,jack.bob@company.org,2025-09-28,APAC
418,Charlie Hannah,charlie.hannah@gmail.com,2025-11-16,LATAM
419,Alice David,alice.david@gmail.com,2025-01-02,LATAM
420,Ivan Ivan,ivan.ivan@yahoo.com,2025-08-04,APAC
421,Bob Grace,bob.grace@outlook.com,2025-05-26,NA
422,Eva Eva,eva.eva@gmail.com,2025-09-03,LATAM
423,Ivan Alice,ivan.alice@gmail.com,2025-01-23,EU
424,Hannah Hannah,hannah.hannah@company.org,2025-04-24,NA
425,Frank Alice,frank.alice@company.org,2025-09-24,EU
426,Grace Grace,grace.grace@yahoo.com,2025-10-04,APAC
427,Hannah Hannah,hannah.hannah@outlook.com,2025-06-20,APAC
428,Ivan Jack,ivan.jack@outlook.com,2025-03-10,APAC
429,Charlie Alice,charlie.alice@yahoo.com,2025-05-11,APAC
430,Frank David,frank.david@outlook.com,2025-05-11,LATAM
431,Ivan Grace,ivan.grace@outlook.com,2025-07-13,APAC
432,Hannah Ivan,hannah.ivan@yahoo.com,2025-05-07,LATAM
433,Charlie Frank,charlie.frank@company.org,2025-01-23,LATAM
434,Bob Bob,bob.bob@company.org,2025-04-14,APAC
435,Grace Bob,grace.bob@gmail.com,2025-01-29,EU
436,Bob Ivan,bob.ivan@gmail.com,2025-08-15,APAC
437,Hannah Frank,hannah.frank@yahoo.com,2025-10-27,EU
438,Bob Grace,bob.grace@company.org,2025-11-09,LATAM
439,Bob Alice,bob.alice@gmail.com,2025-06-13,LATAM
440,Eva Jack,eva.jack@yahoo.com,2025-08-06,NA
441,Jack Jack,jack.jack@yahoo.com,2025-12-15,APAC
442,David Ivan,david.ivan@company.org,2025-06-20,LATAM
443,Frank David,frank.david@company.org,2025-05-23,APAC
444,Eva Ivan,eva.ivan@outlook.com,2025-06-04,LATAM
445,Grace Bob,grace.bob@yahoo.com,2025-03-17,EU
446,Eva David,eva.david@outlook.com,2025-10-10,LATAM
447,Hannah David,hannah.david@company.org,2025-11-10,NA
448,Ivan Grace,ivan.grace@company.org,2025-07-21,NA
449,Jack Hannah,jack.hannah@company.org,2025-12-01,EU
450,Hannah Jack,hannah.jack@gmail.com,2025-04-21,APAC
451,Frank Grace,frank.grace@outlook.com,2025-04-02,APAC
452,Charlie David,charlie.david@outlook.com,2025-01-17,EU
453,David Bob,david.bob@gmail.com,2025-02-01,NA
454,Eva Frank,eva.frank@company.org,2025-03-21,LATAM
455,Grace Ivan,grace.ivan@company.org,2025-10-02,NA
456,David Bob,david.bob@company.org,2025-02-25,APAC
457,David Grace,david.grace@outlook.com,2025-07-09,NA
458,Alice Jack,alice.jack@gmail.com,2025-03-12,LATAM
459,Frank Eva,frank.eva@outlook.com,2025-01-13,LATAM
460,Hannah Frank,hannah.frank@outlook.com,2025-09-24,LATAM
461,Frank Hannah,frank.hannah@yahoo.com,2025-10-05,NA
462,Charlie Alice,charlie.alice@company.org,2025-11-03,NA
463,Eva Jack,eva.jack@outlook.com,2025-11-17,APAC
464,Jack Alice,jack.alice@gmail.com,2025-10-14,NA
465,Frank Jack,frank.jack@yahoo.com,2025-08-03,EU
466,Hannah Charlie,hannah.charlie@yahoo.com,2025-12-18,NA
467,Frank Alice,frank.alice@yahoo.com,2025-04-11,LATAM
468,David David,david.david@gmail.com,2025-07-27,APAC
469,Eva Ivan,eva.ivan@company.org,2025-04-08,NA
470,Bob Alice,bob.alice@yahoo.com,2025-01-17,LATAM
471,Frank Ivan,frank.ivan@company.org,2025-11-18,EU
472,Frank Charlie,frank.charlie@outlook.com,2024-12-27,NA
473,Grace Grace,grace.grace@outlook.com,2025-11-07,NA
474,David Grace,david.grace@outlook.com,2025-10-12,EU
475,Eva Hannah,eva.hannah@gmail.com,2025-12-10,APAC
476,Grace Frank,grace.frank@gmail.com,2025-03-14,NA
477,Jack Charlie,jack.charlie@yahoo.com,2025-02-13,LATAM
478,Frank Charlie,frank.charlie@outlook.com,2025-05-12,APAC
479,Charlie Ivan,charlie.ivan@yahoo.com,2025-02-01,EU
480,Charlie Jack,charlie.jack@company.org,2025-09-23,APAC
481,David Frank,david.frank@yahoo.com,2025-02-28,EU
482,Charlie Eva,charlie.eva@company.org,2025-03-17,APAC
483,Bob Frank,bob.frank@company.org,2025-05-28,LATAM
484,Bob Eva,bob.eva@company.org,2025-10-18,APAC
485,Grace Alice,grace.alice@yahoo.com,2025-11-20,EU
486,Jack Bob,jack.bob@gmail.com,2025-06-10,APAC
487,Bob Ivan,bob.ivan@yahoo.com,2025-01-12,APAC
488,Ivan Charlie,ivan.charlie@outlook.com,2025-10-25,NA
489,Eva Frank,eva.frank@outlook.com,2025-09-27,NA
490,Eva Frank,eva.frank@outlook.com,2024-12-23,APAC
491,Ivan Grace,ivan.grace@company.org,2025-02-19,EU
492,Alice Hannah,alice.hannah@gmail.com,2025-09-15,EU
493,Jack Frank,jack.frank@company.org,2025-04-21,APAC
494,Eva David,eva.david@yahoo.com,2025-03-30,NA
495,Jack Alice,jack.alice@gmail.com,2025-05-26,LATAM
496,Hannah Frank,hannah.frank@outlook.com,2025-01-27,APAC
497,Jack Eva,jack.eva@outlook.com,2025-08-20,LATAM
498,David Bob,david.bob@yahoo.com,2025-07-16,LATAM
499,David Alice,david.alice@company.org,2025-06-21,NA
500,Frank David,frank.david@outlook.com,2025-09-30,EU
501,Eva David,eva.david@gmail.com,2024-12-24,EU
502,David Hannah,david.hannah@gmail.com,2025-02-20,NA
503,Ivan Charlie,ivan.charlie@gmail.com,2025-07-12,EU
504,Frank David,frank.david@yahoo.com,2025-11-13,EU
505,Frank David,frank.david@gmail.com,2025-03-15,EU
506,Grace Ivan,grace.ivan@company.org,2025-12-08,EU
507,Grace Frank,grace.frank@company.org,2025-12-02,APAC
508,Grace Alice,grace.alice@outlook.com,2025-12-01,EU
509,Frank Hannah,frank.hannah@company.org,2025-10-04,LATAM
510,David Alice,david.alice@gmail.com,2025-11-03,LATAM
511,Bob David,bob.david@gmail.com,2025-06-19,APAC
512,Grace Alice,grace.alice@company.org,2025-10-23,LATAM
513,Charlie Eva,charlie.eva@yahoo.com,2025-10-13,NA
514,Ivan Grace,ivan.grace@yahoo.com,2025-04-03,EU
515,Eva Ivan,eva.ivan@yahoo.com,2025-11-18,EU
516,Charlie Bob,charlie.bob@outlook.com,2025-10-13,NA
517,Grace Alice,grace.alice@gmail.com,2025-02-04,NA
518,Hannah David,hannah.david@outlook.com,2025-09-06,EU
519,Alice Grace,alice.grace@yahoo.com,2025-01-13,EU
520,Ivan Alice,ivan.alice@gmail.com,2025-07-19,APAC
521,Jack Frank,jack.frank@gmail.com,2025-08-14,EU
522,David David,david.david@company.org,2025-05-30,LATAM
523,Charlie David,charlie.david@gmail.com,2025-08-29,LATAM
524,Jack Grace,jack.grace@yahoo.com,2025-07-08,LATAM
525,Hannah Alice,hannah.alice@gmail.com,2025-08-29,EU
526,Ivan Jack,ivan.jack@outlook.com,2025-03-23,APAC
527,Bob Charlie,bob.charlie@yahoo.com,2025-06-21,LATAM
528,Alice Alice,alice.alice@company.org,2025-06-05,EU
529,Jack Alice,jack.alice@gmail.com,2025-03-10,EU
530,David Hannah,david.hannah@yahoo.com,2024-12-27,NA
531,Charlie Jack,charlie.jack@outlook.com,2025-11-13,EU
532,Eva Ivan,eva.ivan@gmail.com,2025-12-17,EU
533,Jack Ivan,jack.ivan@company.org,2025-12-14,LATAM
534,Bob Jack,bob.jack@gmail.com,2025-09-26,LATAM
535,David Hannah,david.hannah@gmail.com,2025-07-01,NA
536,Eva Charlie,eva.charlie@company.org,2025-07-14,EU
537,Grace David,grace.david@gmail.com,2025-06-26,LATAM
538,Bob Eva,bob.eva@yahoo.com,2025-03-20,NA
539,Hannah Hannah,hannah.hannah@outlook.com,2025-06-08,NA
540,Alice Frank,alice.frank@gmail.com,2025-09-13,NA
541,Grace Ivan,grace.ivan@yahoo.com,2025-08-23,APAC
542,Eva Frank,eva.frank@company.org,2025-10-31,LATAM
543,Grace Frank,grace.frank@gmail.com,2025-10-22,EU
544,Grace David,grace.david@company.org,2025-08-11,APAC
545,Hannah David,hannah.david@yahoo.com,2025-02-17,LATAM
546,David David,david.david@company.org,2025-09-04,APAC
547,Bob Grace,bob.grace@outlook.com,2025-04-01,APAC
548,Charlie Bob,charlie.bob@yahoo.com,2025-03-10,LATAM
549,Eva Jack,eva.jack@gmail.com,2025-02-13,NA
550,Grace Jack,grace.jack@company.org,2025-10-09,LATAM
551,Frank Charlie,frank.charlie@yahoo.com,2025-08-08,NA
552,Ivan Hannah,ivan.hannah@yahoo.com,2025-05-30,NA
553,Grace Hannah,grace.hannah@company.org,2025-12-20,NA
554,Eva David,eva.david@company.org,2025-08-05,APAC
555,Grace Bob,grace.bob@outlook.com,2025-11-08,NA
556,Alice Bob,alice.bob@company.org,2025-07-30,APAC
557,Frank Ivan,frank.ivan@yahoo.com,2025-07-29,EU
558,Jack Alice,jack.alice@yahoo.com,2025-03-31,NA
559,Jack Alice,jack.alice@outlook.com,2025-12-12,EU
560,Eva Frank,eva.frank@gmail.com,2025-11-26,EU
561,Frank Bob,frank.bob@gmail.com,2025-03-14,APAC
562,Eva David,eva.david@yahoo.com,2025-07-10,LATAM
563,Jack Alice,jack.alice@company.org,2025-03-13,LATAM
564,Alice David,alice.david@company.org,2025-03-28,APAC
565,Charlie Ivan,charlie.ivan@gmail.com,2025-01-17,NA
566,Hannah Grace,hannah.grace@company.org,2025-09-02,NA
567,Hannah Jack,hannah.jack@gmail.com,2025-10-07,LATAM
568,Ivan Alice,ivan.alice@yahoo.com,2025-12-19,APAC
569,Jack Alice,jack.alice@outlook.com,2025-04-09,NA
570,David Ivan,david.ivan@outlook.com,2025-06-16,APAC
571,Charlie Alice,charlie.alice@yahoo.com,2025-04-21,EU
572,Eva Alice,eva.alice@company.org,2025-06-08,APAC
573,Jack Ivan,jack.ivan@outlook.com,2025-10-30,APAC
574,Charlie Ivan,charlie.ivan@outlook.com,2025-09-13,EU
575,Charlie Charlie,charlie.charlie@company.org,2025-05-07,EU
576,Grace Grace,grace.grace@gmail.com,2025-06-27,EU
577,Frank Frank,frank.frank@yahoo.com,2025-02-28,LATAM
578,Frank Alice,frank.alice@gmail.com,2025-08-16,EU
579,Charlie Ivan,charlie.ivan@outlook.com,2025-02-25,LATAM
580,Grace Alice,grace.alice@yahoo.com,2025-10-30,EU
581,Ivan Grace,ivan.grace@yahoo.com,2025-06-13,LATAM
582,Eva Grace,eva.grace@outlook.com,2025-01-21,LATAM
583,Jack Ivan,jack.ivan@company.org,2025-04-14,NA
584,Eva Ivan,eva.ivan@outlook.com,2025-07-13,EU
585,Jack Charlie,jack.charlie@yahoo.com,2025-09-08,NA
586,Alice Grace,alice.grace@company.org,2025-09-18,LATAM
587,Jack Alice,jack.alice@company.org,2025-01-22,EU
588,Frank Bob,frank.bob@outlook.com,2025-11-17,APAC
589,David Ivan,david.ivan@outlook.com,2025-09-05,APAC
590,Alice Grace,alice.grace@outlook.com,2025-05-23,NA
591,Grace Frank,grace.frank@outlook.com,2025-02-02,LATAM
592,Ivan Charlie,ivan.charlie@gmail.com,2025-11-01,NA
593,David Hannah,david.hannah@yahoo.com,2025-03-15,APAC
594,Charlie Alice,charlie.alice@company.org,2025-06-01,APAC
595,Frank Alice,frank.alice@company.org,2025-06-01,APAC
596,Jack David,jack.david@gmail.com,2025-02-04,EU
597,Grace David,grace.david@outlook.com,2025-07-19,APAC
598,David Grace,david.grace@company.org,2025-01-13,NA
599,Grace David,grace.david@company.org,2024-12-22,APAC
600,Charlie David,charlie.david@yahoo.com,2025-10-05,LATAM
601,Frank Bob,frank.bob@gmail.com,2025-08-26,EU
602,Alice David,alice.david@yahoo.com,2025-02-09,NA
603,Charlie Hannah,charlie.hannah@company.org,2025-02-22,LATAM
604,David Hannah,david.hannah@outlook.com,2025-05-13,APAC
605,Hannah Grace,hannah.grace@yahoo.com,2025-08-07,APAC
606,Ivan Jack,ivan.jack@outlook.com,2025-01-04,EU
607,Alice Grace,alice.grace@gmail.com,2025-06-04,LATAM
608,David Alice,david.alice@yahoo.com,2025-08-02,LATAM
609,Ivan Alice,ivan.alice@company.org,2025-01-16,EU
610,Alice David,alice.david@outlook.com,2025-07-17,LATAM
611,Alice Charlie,alice.charlie@outlook.com,2025-10-07,NA
612,Jack Eva,jack.eva@yahoo.com,2025-07-30,EU
613,Hannah Eva,hannah.eva@gmail.com,2025-05-19,EU
614,Alice David,alice.david@outlook.com,2025-09-20,NA
615,Alice Eva,alice.eva@gmail.com,2025-08-09,LATAM
616,Grace Jack,grace.jack@outlook.com,2025-11-22,NA
617,Bob Hannah,bob.hannah@gmail.com,2025-08-21,EU
618,Bob Alice,bob.alice@company.org,2025-09-25,NA
619,David Alice,david.alice@yahoo.com,2025-09-01,LATAM
620,Eva Bob,eva.bob@yahoo.com,2024-12-26,APAC
621,Eva Charlie,eva.charlie@company.org,2025-08-23,EU
622,Alice Frank,alice.frank@gmail.com,2025-06-18,LATAM
623,Frank Frank,frank.frank@gmail.com,2025-02-21,EU
624,Frank Hannah,frank.hannah@company.org,2025-06-24,NA
625,Eva Charlie,eva.charlie@yahoo.com,2025-07-07,EU
626,Jack Hannah,jack.hannah@company.org,2025-10-29,NA
627,Jack Bob,jack.bob@gmail.com,2025-10-26,APAC
628,Ivan Alice,ivan.alice@outlook.com,2025-07-28,LATAM
629,Grace Hannah,grace.hannah@outlook.com,2025-07-18,NA
630,Eva Grace,eva.grace@outlook.com,2025-01-31,EU
631,Grace Jack,grace.jack@company.org,2025-06-07,LATAM
632,David Hannah,david.hannah@gmail.com,2025-06-20,APAC
633,Eva Frank,eva.frank@company.org,2025-09-08,EU
634,Bob Alice,bob.alice@company.org,2025-11-20,APAC
635,Bob Jack,bob.jack@company.org,2025-06-01,APAC
636,Jack Charlie,jack.charlie@gmail.com,2025-11-07,NA
637,Hannah Bob,hannah.bob@company.org,2025-01-10,EU
638,Ivan Alice,ivan.alice@outlook.com,2025-08-30,NA
639,Grace Alice,grace.alice@outlook.com,2025-01-03,LATAM
640,Eva Charlie,eva.charlie@gmail.com,2025-02-09,LATAM
641,Bob Bob,bob.bob@company.org,2025-11-16,LATAM
642,Bob Bob,bob.bob@yahoo.com,2025-11-03,EU
643,Jack Frank,jack.frank@yahoo.com,2025-05-30,EU
644,Charlie Jack,charlie.jack@gmail.com,2025-07-26,APAC
645,Eva David,eva.david@company.org,2025-09-26,EU
646,Charlie Grace,charlie.grace@yahoo.com,2025-05-04,NA
647,Hannah Grace,hannah.grace@gmail.com,2025-10-19,EU
648,Grace Eva,grace.eva@yahoo.com,2025-12-09,NA
649,Ivan Jack,ivan.jack@company.org,2025-04-02,APAC
650,David Bob,david.bob@gmail.com,2025-11-27,NA
651,Bob Jack,bob.jack@company.org,2025-08-04,NA
652,Jack Hannah,jack.hannah@outlook.com,2025-09-29,LATAM
653,David Grace,david.grace@gmail.com,2025-04-22,APAC
654,Eva David,eva.david@yahoo.com,2025-05-26,NA
655,Ivan Grace,ivan.grace@company.org,2024-12-22,APAC
656,Eva Bob,eva.bob@gmail.com,2025-05-14,APAC
657,Grace Jack,grace.jack@outlook.com,2025-04-03,APAC
658,Eva David,eva.david@company.org,2025-08-29,EU
659,Eva Alice,eva.alice@company.org,2025-03-10,APAC
660,David Grace,david.grace@gmail.com,2025-08-23,APAC
661,Hannah Eva,invalid-email,2025-09-06,APAC
662,Ivan Charlie,ivan.charlie@gmail.com,2025-06-03,APAC
663,Eva Jack,eva.jack@outlook.com,2025-09-29,LATAM
664,Eva Grace,eva.grace@yahoo.com,2025-10-24,APAC
665,David Jack,david.jack@gmail.com,2025-07-13,NA
666,Grace Eva,grace.eva@yahoo.com,2025-07-31,LATAM
667,Hannah Alice,hannah.alice@company.org,2025-12-08,APAC
668,Bob Hannah,bob.hannah@gmail.com,2025-09-09,APAC
669,Alice Frank,alice.frank@gmail.com,2025-02-19,APAC
670,David Jack,david.jack@outlook.com,2025-03-12,NA
671,Grace Hannah,grace.hannah@gmail.com,2025-11-19,LATAM
672,Ivan Grace,ivan.grace@yahoo.com,2025-09-29,NA
673,Frank Eva,frank.eva@gmail.com,2024-12-24,APAC
674,Bob Frank,bob.frank@yahoo.com,2025-05-25,APAC
675,Bob Alice,bob.alice@gmail.com,2025-06-25,APAC
676,Bob Charlie,bob.charlie@yahoo.com,2025-11-02,NA
677,Eva David,eva.david@gmail.com,2025-03-01,APAC
678,Jack David,jack.david@company.org,2025-07-01,APAC
679,Grace Jack,grace.jack@company.org,2025-10-15,NA
680,Eva Hannah,eva.hannah@outlook.com,2025-03-03,LATAM
681,David Jack,david.jack@gmail.com,2025-09-05,EU
682,Grace Grace,grace.grace@gmail.com,2025-09-18,EU
683,Jack Charlie,jack.charlie@company.org,2025-01-23,EU
684,Ivan Charlie,ivan.charlie@company.org,2025-02-03,NA
685,Frank Grace,frank.grace@company.org,2025-03-16,EU
686,Jack Jack,jack.jack@gmail.com,2025-03-05,LATAM
687,Ivan Eva,ivan.eva@yahoo.com,2025-04-02,EU
688,Hannah Grace,hannah.grace@company.org,2025-12-19,LATAM
689,Grace Hannah,grace.hannah@company.org,2025-06-02,APAC
690,Bob Alice,bob.alice@gmail.com,2025-08-04,LATAM
691,Ivan Frank,ivan.frank@company.org,2025-10-09,EU
692,Bob Hannah,bob.hannah@outlook.com,2025-02-03,EU
693,Alice Ivan,alice.ivan@gmail.com,2025-02-02,EU
694,Charlie Grace,charlie.grace@gmail.com,2025-02-18,APAC
695,Eva Bob,eva.bob@company.org,2025-10-18,LATAM
696,Jack Alice,jack.alice@outlook.com,2025-04-25,LATAM
697,Eva Charlie,eva.charlie@gmail.com,2025-01-12,NA
698,Eva Grace,eva.grace@gmail.com,2025-01-23,LATAM
699,Grace Ivan,grace.ivan@outlook.com,2025-11-04,NA
700,Charlie Frank,charlie.frank@gmail.com,2025-05-30,LATAM
701,David Jack,david.jack@yahoo.com,2025-07-30,EU
702,Jack David,jack.david@gmail.com,2025-11-20,EU
703,Ivan Hannah,ivan.hannah@company.org,2025-09-08,APAC
704,Eva Bob,eva.bob@outlook.com,2025-05-13,NA
705,Frank Frank,frank.frank@outlook.com,2025-10-20,NA
706,Grace Hannah,grace.hannah@outlook.com,2025-05-29,APAC
707,Jack Hannah,jack.hannah@company.org,2025-02-12,LATAM
708,Ivan Eva,ivan.eva@yahoo.com,2025-09-06,APAC
709,Charlie Charlie,charlie.charlie@company.org,2025-10-04,APAC
710,Bob Alice,bob.alice@company.org,2025-09-14,NA
711,Grace Frank,grace.frank@yahoo.com,2025-11-09,EU
712,Jack Frank,jack.frank@company.org,2025-02-02,LATAM
713,Bob Eva,bob.eva@gmail.com,2025-12-09,EU
714,Bob Eva,bob.eva@company.org,2025-04-01,LATAM
715,Charlie Frank,charlie.frank@gmail.com,2025-11-25,EU
716,Hannah Bob,hannah.bob@gmail.com,2025-06-19,LATAM
717,Bob Hannah,bob.hannah@outlook.com,2025-06-15,LATAM
718,Jack Frank,jack.frank@outlook.com,2025-09-27,NA
719,Jack Frank,jack.frank@gmail.com,2025-06-05,LATAM
720,Alice Frank,alice.frank@outlook.com,2025-10-27,NA
721,Bob Jack,bob.jack@yahoo.com,2025-03-01,EU
722,Bob Eva,bob.eva@outlook.com,2024-12-26,EU
723,Jack Grace,jack.grace@yahoo.com,2025-02-14,LATAM
724,Frank Grace,frank.grace@outlook.com,2025-09-17,APAC
725,Ivan Frank,ivan.frank@outlook.com,2025-08-20,LATAM
726,Ivan Jack,ivan.jack@outlook.com,2025-12-02,EU
727,Charlie Charlie,charlie.charlie@outlook.com,2025-12-02,LATAM
728,Ivan Ivan,ivan.ivan@company.org,2025-03-18,APAC
729,Grace Ivan,grace.ivan@outlook.com,2025-01-16,NA
730,David Ivan,david.ivan@gmail.com,2025-01-27,LATAM
731,Eva Jack,eva.jack@gmail.com,2025-02-14,EU
732,Charlie David,charlie.david@yahoo.com,2025-09-02,LATAM
733,Frank Eva,frank.eva@gmail.com,2025-01-01,NA
734,Charlie Ivan,charlie.ivan@outlook.com,2025-12-11,APAC
735,Grace Bob,grace.bob@gmail.com,2025-12-12,APAC
736,Bob Hannah,bob.hannah@yahoo.com,2025-02-09,EU
737,Charlie Grace,charlie.grace@company.org,2025-06-15,EU
738,Grace Hannah,grace.hannah@company.org,2025-12-07,LATAM
739,Ivan Grace,ivan.grace@yahoo.com,2025-07-30,APAC
740,Charlie Frank,charlie.frank@company.org,2025-09-11,LATAM
741,Grace Grace,grace.grace@outlook.com,2025-12-06,LATAM
742,Eva Bob,eva.bob@company.org,2025-07-24,NA
743,Charlie Jack,charlie.jack@company.org,2025-11-29,NA
744,Frank Eva,frank.eva@company.org,2025-10-24,LATAM
745,Eva Grace,eva.grace@outlook.com,2025-09-13,EU
746,Alice Frank,alice.frank@outlook.com,2025-08-06,LATAM
747,David Hannah,david.hannah@gmail.com,2025-01-13,LATAM
748,Charlie Grace,charlie.grace@outlook.com,2025-06-09,EU
749,David Bob,david.bob@company.org,2025-03-26,LATAM
750,Charlie Bob,charlie.bob@gmail.com,2025-07-07,EU
751,Hannah Grace,hannah.grace@company.org,2025-04-26,NA
752,Jack David,jack.david@company.org,2025-05-28,EU
753,Ivan Hannah,ivan.hannah@outlook.com,2025-04-22,NA
754,Hannah Jack,hannah.jack@yahoo.com,2024-12-25,NA
755,Bob Frank,bob.frank@outlook.com,2025-06-14,EU
756,Grace Alice,grace.alice@gmail.com,2025-02-28,LATAM
757,Jack Eva,jack.eva@gmail.com,2025-04-05,NA
758,Eva Charlie,eva.charlie@yahoo.com,2025-10-28,APAC
759,Jack Hannah,jack.hannah@company.org,2025-04-14,EU
760,Charlie David,charlie.david@outlook.com,2025-09-30,EU
761,David Charlie,david.charlie@company.org,2025-09-16,EU
762,Grace David,grace.david@yahoo.com,2025-06-20,NA
763,Hannah Jack,hannah.jack@gmail.com,2025-06-12,EU
764,Charlie Ivan,charlie.ivan@outlook.com,2025-04-06,NA
765,Ivan Eva,ivan.eva@gmail.com,2025-09-25,LATAM
766,Alice Bob,alice.bob@yahoo.com,2025-10-20,EU
767,Ivan David,ivan.david@company.org,2025-02-16,NA
768,Charlie Ivan,charlie.ivan@outlook.com,2025-06-09,APAC
769,Grace Grace,grace.grace@yahoo.com,2025-03-28,APAC
770,Ivan Alice,ivan.alice@outlook.com,2025-08-25,NA
771,Grace David,grace.david@outlook.com,2025-01-25,LATAM
772,Ivan Hannah,ivan.hannah@gmail.com,2025-08-25,EU
773,Jack Hannah,jack.hannah@gmail.com,2024-12-24,NA
774,Jack Frank,jack.frank@yahoo.com,2025-03-14,NA
775,Alice Ivan,alice.ivan@yahoo.com,2025-05-07,EU
776,Eva Jack,eva.jack@company.org,2025-12-10,EU
777,Hannah Hannah,hannah.hannah@company.org,2025-02-26,APAC
778,Hannah David,hannah.david@outlook.com,2025-01-24,APAC
779,Grace Frank,grace.frank@yahoo.com,2025-03-19,EU
780,Eva Charlie,eva.charlie@gmail.com,2025-01-20,LATAM
781,Bob Jack,bob.jack@outlook.com,2025-05-29,NA
782,Jack Grace,jack.grace@yahoo.com,2025-12-07,APAC
783,Ivan Alice,ivan.alice@outlook.com,2025-05-29,LATAM
784,David Frank,david.frank@outlook.com,2025-01-02,NA
785,Jack Frank,jack.frank@outlook.com,2025-10-12,LATAM
786,Jack Frank,jack.frank@yahoo.com,2025-08-21,LATAM
787,Alice Bob,alice.bob@gmail.com,2025-02-23,LATAM
788,Jack Hannah,jack.hannah@yahoo.com,2024-12-25,LATAM
789,Grace Grace,grace.grace@outlook.com,2025-06-28,NA
790,Ivan Jack,ivan.jack@gmail.com,2025-10-08,LATAM
791,Frank Grace,frank.grace@gmail.com,2025-02-14,NA
792,Alice Hannah,alice.hannah@gmail.com,2025-08-28,NA
793,Ivan Hannah,ivan.hannah@gmail.com,2025-07-09,EU
794,David Bob,david.bob@company.org,2025-01-02,APAC
795,Hannah Grace,hannah.grace@gmail.com,2025-08-25,NA
796,Bob Eva,bob.eva@yahoo.com,2024-12-30,NA
797,Hannah Hannah,hannah.hannah@outlook.com,2025-06-21,NA
798,Jack Grace,jack.grace@company.org,2025-06-17,EU
799,Frank Alice,frank.alice@yahoo.com,2025-03-17,LATAM
800,Grace Grace,grace.grace@company.org,2025-07-28,LATAM
801,Alice Jack,alice.jack@gmail.com,2025-10-07,APAC
802,Ivan Frank,ivan.frank@outlook.com,2025-12-13,NA
803,Frank Alice,frank.alice@yahoo.com,2025-03-22,LATAM
804,Jack Alice,jack.alice@outlook.com,2025-12-09,NA
805,Eva Alice,eva.alice@company.org,2025-12-17,EU
806,Ivan Grace,ivan.grace@outlook.com,2025-10-02,LATAM
807,Bob Frank,bob.frank@company.org,2025-05-16,EU
808,Ivan Frank,ivan.frank@yahoo.com,2025-05-22,LATAM
809,Alice Jack,alice.jack@gmail.com,2025-04-27,APAC
810,Bob Frank,bob.frank@outlook.com,2025-06-10,APAC
811,Jack Bob,jack.bob@outlook.com,2025-07-07,NA
812,Ivan Ivan,ivan.ivan@yahoo.com,2024-12-24,APAC
813,Grace Ivan,grace.ivan@yahoo.com,2025-03-07,APAC
814,Ivan Eva,ivan.eva@yahoo.com,2025-10-28,EU
815,Ivan Grace,ivan.grace@yahoo.com,2025-06-05,APAC
816,Ivan Alice,ivan.alice@yahoo.com,2025-10-15,APAC
817,Jack Ivan,jack.ivan@yahoo.com,2025-06-29,APAC
818,Hannah Frank,hannah.frank@gmail.com,2025-06-20,NA
819,David Frank,david.frank@yahoo.com,2025-03-31,APAC
820,Eva Grace,eva.grace@outlook.com,2025-01-30,NA
821,Grace Hannah,grace.hannah@outlook.com,2024-12-26,EU
822,Hannah Frank,hannah.frank@company.org,2025-01-22,APAC
823,David Bob,david.bob@company.org,2024-12-29,LATAM
824,Ivan Ivan,ivan.ivan@outlook.com,2025-10-13,APAC
825,Bob Hannah,bob.hannah@yahoo.com,2025-07-17,NA
826,Jack Grace,jack.grace@gmail.com,2025-02-25,APAC
827,Ivan Hannah,ivan.hannah@gmail.com,2025-03-09,APAC
828,Grace David,grace.david@gmail.com,2025-03-03,LATAM
829,Frank Grace,frank.grace@gmail.com,2025-10-13,NA
830,Grace Hannah,grace.hannah@gmail.com,2025-07-11,NA
831,Charlie Charlie,charlie.charlie@company.org,2025-11-28,APAC
832,David David,david.david@gmail.com,2025-06-12,APAC
833,Frank Bob,frank.bob@company.org,2025-04-28,APAC
834,David Charlie,david.charlie@outlook.com,2025-09-27,NA
835,Bob Ivan,bob.ivan@company.org,2025-12-11,LATAM
836,David Eva,david.eva@company.org,2025-06-06,APAC
837,Jack Bob,jack.bob@gmail.com,2025-01-14,EU
838,Bob Charlie,bob.charlie@outlook.com,2025-11-20,LATAM
839,Eva Eva,eva.eva@outlook.com,2025-02-09,APAC
840,Bob Charlie,bob.charlie@yahoo.com,2025-01-17,EU
841,Ivan Frank,ivan.frank@outlook.com,2025-05-04,NA
842,Frank Jack,frank.jack@gmail.com,2025-05-17,NA
843,Bob Ivan,bob.ivan@company.org,2024-12-28,APAC
844,Alice Ivan,alice.ivan@yahoo.com,2025-03-01,APAC
845,Eva Grace,eva.grace@company.org,2025-07-25,NA
846,David Alice,david.alice@company.org,2025-04-28,LATAM
847,Grace David,grace.david@gmail.com,2025-01-30,APAC
848,David Eva,david.eva@company.org,2025-11-11,LATAM
849,Jack Grace,jack.grace@company.org,2025-06-03,NA
850,Jack Charlie,jack.charlie@gmail.com,2025-11-13,LATAM
851,Eva Hannah,eva.hannah@company.org,2025-12-13,NA
852,Eva Frank,eva.frank@gmail.com,2025-10-26,NA
853,Bob Ivan,bob.ivan@company.org,2024-12-28,NA
854,Eva Grace,eva.grace@gmail.com,2025-08-18,APAC
855,Alice Hannah,alice.hannah@gmail.com,2025-12-01,EU
856,Jack Alice,jack.alice@outlook.com,2024-12-27,EU
857,Hannah Bob,hannah.bob@gmail.com,2025-12-03,EU
858,Jack Eva,jack.eva@yahoo.com,2025-12-19,LATAM
859,Alice Charlie,alice.charlie@yahoo.com,2025-05-15,APAC
860,Ivan Jack,ivan.jack@outlook.com,2025-05-23,APAC
861,Bob Jack,bob.jack@yahoo.com,2024-12-28,LATAM
862,Ivan Frank,ivan.frank@outlook.com,2025-08-21,LATAM
863,Grace David,grace.david@yahoo.com,2025-06-23,APAC
864,Jack Charlie,jack.charlie@gmail.com,2025-10-26,NA
865,Frank David,frank.david@company.org,2025-01-19,EU
866,Ivan Charlie,ivan.charlie@outlook.com,2025-08-02,APAC
867,Ivan Grace,ivan.grace@company.org,2025-09-03,EU
868,Charlie Alice,charlie.alice@outlook.com,2025-11-08,LATAM
869,Ivan Charlie,ivan.charlie@gmail.com,2025-09-10,EU
870,David Jack,david.jack@company.org,2025-11-24,NA
871,Jack Hannah,jack.hannah@outlook.com,2025-12-15,LATAM
872,Hannah Jack,hannah.jack@company.org,2025-08-31,NA
873,Eva Charlie,eva.charlie@gmail.com,2024-12-29,NA
874,Jack Charlie,jack.charlie@gmail.com,2025-09-24,EU
875,Charlie Grace,charlie.grace@company.org,2025-08-03,APAC
876,Hannah Bob,hannah.bob@yahoo.com,2025-05-07,EU
877,Hannah David,hannah.david@company.org,2025-06-11,NA
878,Alice Frank,alice.frank@outlook.com,2025-11-21,APAC
879,Grace Jack,grace.jack@gmail.com,2025-05-12,LATAM
880,David Ivan,david.ivan@company.org,2025-12-13,APAC
881,Alice Eva,alice.eva@company.org,2025-04-07,LATAM
882,Alice Eva,alice.eva@gmail.com,2025-05-30,EU
883,Bob Bob,bob.bob@gmail.com,2025-10-16,APAC
884,Alice Grace,alice.grace@company.org,2025-02-28,APAC
885,Grace David,grace.david@yahoo.com,2025-04-26,APAC
886,Grace Grace,grace.grace@company.org,2024-12-28,APAC
887,Bob David,bob.david@company.org,2024-12-23,NA
888,Hannah Hannah,hannah.hannah@outlook.com,2025-07-15,APAC
889,David Bob,david.bob@outlook.com,2025-01-25,APAC
890,Bob Eva,bob.eva@outlook.com,2025-10-01,NA
891,Hannah Eva,hannah.eva@yahoo.com,2025-01-29,EU
892,Frank Frank,frank.frank@yahoo.com,2025-04-02,EU
893,Grace Charlie,grace.charlie@outlook.com,2025-02-07,EU
894,Frank Alice,frank.alice@yahoo.com,2025-05-21,EU
895,Jack Grace,jack.grace@yahoo.com,2025-12-17,APAC
896,Grace Grace,grace.grace@yahoo.com,2025-11-20,LATAM
897,Bob Ivan,bob.ivan@yahoo.com,2025-09-08,EU
898,Bob Alice,invalid-email,2025-12-07,LATAM
899,Ivan David,ivan.david@outlook.com,2025-04-25,EU
900,Grace Jack,grace.jack@outlook.com,2025-05-19,APAC
901,Jack Grace,jack.grace@yahoo.com,2025-01-01,APAC
902,Jack Jack,jack.jack@yahoo.com,2025-03-06,LATAM
903,Jack Charlie,jack.charlie@yahoo.com,2025-08-01,LATAM
904,Frank Alice,frank.alice@outlook.com,2025-11-21,EU
905,Grace David,grace.david@outlook.com,2025-07-24,APAC
906,Grace David,grace.david@company.org,2025-07-25,EU
907,Charlie Grace,charlie.grace@company.org,2025-06-09,NA
908,Ivan Jack,ivan.jack@company.org,2025-05-15,EU
909,David Charlie,david.charlie@outlook.com,2025-11-13,NA
910,Charlie David,charlie.david@yahoo.com,2025-08-06,EU
911,Charlie Eva,charlie.eva@gmail.com,2025-04-20,LATAM
912,Grace Alice,grace.alice@gmail.com,2025-04-20,NA
913,Grace Alice,grace.alice@company.org,2025-09-14,LATAM
914,Hannah Charlie,hannah.charlie@gmail.com,2025-08-24,NA
915,Eva Bob,eva.bob@yahoo.com,2025-09-10,NA
916,Bob David,bob.david@yahoo.com,2025-05-25,NA
917,Ivan David,ivan.david@outlook.com,2025-01-03,EU
918,Grace Frank,grace.frank@company.org,2025-06-08,APAC
919,Hannah Alice,hannah.alice@yahoo.com,2025-11-21,NA
920,Grace David,grace.david@company.org,2025-04-18,LATAM
921,Frank Eva,frank.eva@outlook.com,2025-03-04,EU
922,Frank Alice,frank.alice@gmail.com,2025-01-25,EU
923,Jack Ivan,jack.ivan@outlook.com,2025-09-28,LATAM
924,David Frank,david.frank@gmail.com,2025-07-10,NA
925,Ivan Hannah,ivan.hannah@yahoo.com,2025-06-05,LATAM
926,Bob Jack,bob.jack@outlook.com,2025-03-03,EU
927,Bob Hannah,bob.hannah@gmail.com,2025-09-06,LATAM
928,Eva Charlie,eva.charlie@outlook.com,2025-10-06,EU
929,Hannah Alice,hannah.alice@yahoo.com,2025-09-02,NA
930,Ivan Bob,ivan.bob@outlook.com,2025-12-06,NA
931,Alice Eva,alice.eva@company.org,2025-05-08,EU
932,Eva Ivan,eva.ivan@company.org,2025-02-03,APAC
933,Grace Eva,grace.eva@company.org,2025-06-14,LATAM
934,Alice Alice,alice.alice@yahoo.com,2025-11-18,LATAM
935,Charlie Alice,charlie.alice@yahoo.com,2025-12-09,NA
936,Charlie Bob,charlie.bob@yahoo.com,2025-01-21,EU
937,David Frank,david.frank@yahoo.com,2025-08-10,APAC
938,Grace Frank,grace.frank@outlook.com,2025-10-23,NA
939,Grace Jack,grace.jack@outlook.com,2025-03-21,APAC
940,Frank Bob,frank.bob@gmail.com,2025-09-28,EU
941,Hannah Eva,hannah.eva@yahoo.com,2024-12-22,NA
942,Alice Eva,alice.eva@gmail.com,2025-04-24,APAC
943,Jack Alice,jack.alice@company.org,2025-01-30,APAC
944,Alice Ivan,invalid-email,2025-09-19,APAC
945,David Eva,david.eva@outlook.com,2025-08-17,NA
946,Bob Hannah,bob.hannah@company.org,2025-01-22,APAC
947,Charlie Charlie,charlie.charlie@outlook.com,2025-04-17,LATAM
948,Grace Charlie,grace.charlie@outlook.com,2025-01-24,NA
949,Grace Ivan,grace.ivan@outlook.com,2025-10-16,EU
950,David Ivan,david.ivan@outlook.com,2025-06-23,NA
951,Charlie Ivan,charlie.ivan@yahoo.com,2025-04-08,NA
952,Eva Bob,eva.bob@company.org,2025-08-12,APAC
953,Hannah Eva,hannah.eva@outlook.com,2025-12-14,APAC
954,Charlie Frank,charlie.frank@company.org,2025-06-15,LATAM
955,David Frank,david.frank@outlook.com,2025-08-17,LATAM
956,Ivan Hannah,ivan.hannah@gmail.com,2025-03-28,NA
957,Alice Bob,alice.bob@outlook.com,2025-12-14,APAC
958,David Ivan,david.ivan@gmail.com,2025-05-27,NA
959,Hannah Jack,hannah.jack@outlook.com,2025-03-20,LATAM
960,Eva Alice,eva.alice@company.org,2025-02-06,LATAM
961,Grace Ivan,grace.ivan@yahoo.com,2024-12-29,NA
962,Jack Jack,jack.jack@yahoo.com,2025-01-07,NA
963,David Alice,david.alice@outlook.com,2025-01-10,EU
964,David Frank,david.frank@outlook.com,2025-08-24,LATAM
965,Eva Frank,eva.frank@gmail.com,2025-05-12,APAC
966,Hannah Ivan,hannah.ivan@yahoo.com,2025-08-03,NA
967,David Grace,david.grace@company.org,2025-10-24,NA
968,Ivan Grace,ivan.grace@gmail.com,2025-12-10,LATAM
969,Frank Jack,frank.jack@yahoo.com,2025-01-26,APAC
970,Bob Eva,bob.eva@gmail.com,2025-08-11,LATAM
971,Jack David,jack.david@company.org,2025-06-23,APAC
972,David David,david.david@yahoo.com,2025-12-02,NA
973,Grace Alice,grace.alice@company.org,2025-10-14,NA
974,Hannah Ivan,hannah.ivan@company.org,2025-04-01,LATAM
975,Hannah Bob,hannah.bob@company.org,2025-06-14,NA
976,Frank Alice,frank.alice@company.org,2025-10-25,EU
977,David Eva,david.eva@gmail.com,2025-08-20,NA
978,Ivan Ivan,ivan.ivan@outlook.com,2025-04-14,LATAM
979,Bob Frank,bob.frank@outlook.com,2025-03-30,APAC
980,Jack Ivan,jack.ivan@yahoo.com,2025-04-15,NA
981,Ivan Alice,invalid-email,2025-08-03,NA
982,Frank Eva,frank.eva@gmail.com,2025-02-01,APAC
983,Eva Eva,eva.eva@yahoo.com,2025-06-02,LATAM
984,Grace Eva,grace.eva@company.org,2025-08-04,NA
985,Frank Charlie,frank.charlie@outlook.com,2025-05-28,EU
986,Bob Grace,bob.grace@outlook.com,2025-04-11,NA
987,Ivan Alice,ivan.alice@outlook.com,2025-07-24,LATAM
988,Bob Hannah,bob.hannah@company.org,2025-04-26,EU
989,Alice Grace,alice.grace@gmail.com,2025-11-18,LATAM
990,Jack Charlie,jack.charlie@outlook.com,2025-03-18,EU
991,Alice Frank,alice.frank@company.org,2025-07-09,LATAM
992,David Eva,david.eva@outlook.com,2025-06-25,LATAM
993,Frank Frank,frank.frank@company.org,2025-01-20,LATAM
994,Hannah David,hannah.david@gmail.com,2025-09-23,LATAM
995,Ivan Charlie,ivan.charlie@company.org,2025-09-10,LATAM
996,Grace Alice,grace.alice@company.org,2025-06-01,EU
997,Grace Frank,grace.frank@outlook.com,2025-12-04,APAC
998,Grace Jack,grace.jack@company.org,2025-05-09,EU
999,Grace Hannah,grace.hannah@gmail.com,2025-08-02,EU
1000,Eva Frank,eva.frank@company.org,2024-12-21,EU
